os,count,date
Android,6542,2025-10-01
iPhone,1402,2025-10-01
Android,6145,2025-10-10
iPhone,1303,2025-10-10
Android,6226,2025-10-11
iPhone,1667,2025-10-11
Android,89,2025-10-12
iPhone,22,2025-10-12
Android,5606,2025-10-13
iPhone,1188,2025-10-13
Android,5584,2025-10-14
iPhone,1181,2025-10-14
Android,5722,2025-10-15
iPhone,1279,2025-10-15
Android,5882,2025-10-16
iPhone,1085,2025-10-16
Android,6005,2025-10-17
iPhone,1263,2025-10-17
Android,6396,2025-10-18
iPhone,1756,2025-10-18
Android,5375,2025-10-19
iPhone,1331,2025-10-19
Android,7069,2025-10-02
iPhone,1454,2025-10-02
Android,5780,2025-10-20
iPhone,1128,2025-10-20
Android,5365,2025-10-21
iPhone,1128,2025-10-21
Android,8171,2025-10-03
iPhone,1720,2025-10-03
Android,7471,2025-10-04
iPhone,1613,2025-10-04
Android,5901,2025-10-05
iPhone,1282,2025-10-05
Android,3674,2025-10-06
iPhone,885,2025-10-06
Android,5165,2025-10-07
iPhone,1339,2025-10-07
Android,5571,2025-10-08
iPhone,1359,2025-10-08
Android,6191,2025-10-09
iPhone,1206,2025-10-09
Android,7588,2025-11-01
iPhone,1805,2025-11-01
Android,6644,2025-11-02
iPhone,816,2025-11-02
Android,5978,2025-11-03
iPhone,1406,2025-11-03
Android,5380,2025-11-04
iPhone,1247,2025-11-04
Android,6169,2025-11-05
iPhone,1241,2025-11-05
Android,6569,2025-11-06
iPhone,1235,2025-11-06
Android,7241,2025-11-07
iPhone,1392,2025-11-07
Android,7469,2025-11-08
iPhone,1848,2025-11-08
Android,103,2025-11-09
iPhone,20,2025-11-09
Android,5502,2025-11-10
iPhone,1446,2025-11-10
Android,5985,2025-11-11
iPhone,1181,2025-11-11
Android,5915,2025-11-12
iPhone,1290,2025-11-12
Android,5488,2025-11-13
iPhone,1218,2025-11-13
Android,5964,2025-11-14
iPhone,1302,2025-11-14
Android,6543,2025-11-15
iPhone,1682,2025-11-15
Android,5875,2025-11-16
iPhone,1370,2025-11-16
Android,5599,2025-11-17
iPhone,1149,2025-11-17
Android,5463,2025-11-18
iPhone,1165,2025-11-18
Android,5620,2025-11-19
iPhone,1211,2025-11-19
Android,5852,2025-11-20
iPhone,1062,2025-11-20
Android,6108,2025-11-21
iPhone,1344,2025-11-21
Android,6927,2025-11-22
iPhone,1644,2025-11-22
Android,71,2025-11-23
iPhone,27,2025-11-23
Android,5606,2025-11-24
iPhone,1259,2025-11-24
Android,5560,2025-11-25
iPhone,1222,2025-11-25
Android,5537,2025-11-26
iPhone,1264,2025-11-26
Android,5449,2025-11-27
iPhone,1196,2025-11-27
Android,5908,2025-11-28
iPhone,1406,2025-11-28
Android,6378,2025-11-29
iPhone,1620,2025-11-29
Android,5438,2025-11-30
iPhone,1244,2025-11-30
Android,5306,2025-12-01
iPhone,1155,2025-12-01
Android,5247,2025-12-02
iPhone,1211,2025-12-02
Android,5181,2025-12-03
iPhone,1262,2025-12-03
Android,5938,2025-12-04
iPhone,1345,2025-12-04
Android,5936,2025-12-05
iPhone,1562,2025-12-05
Android,6821,2025-12-06
iPhone,1839,2025-12-06
Android,5779,2025-12-07
iPhone,1381,2025-12-07
Android,5080,2025-12-08
iPhone,1263,2025-12-08
Android,4932,2025-12-09
iPhone,1131,2025-12-09
Android,5060,2025-12-10
iPhone,1298,2025-12-10
Android,5214,2025-12-11
iPhone,1264,2025-12-11
Android,5670,2025-12-12
iPhone,1325,2025-12-12
Android,6420,2025-12-13
iPhone,1607,2025-12-13
Android,265,2025-12-14
iPhone,26,2025-12-14
Android,5074,2025-12-15
iPhone,1279,2025-12-15
Android,4597,2025-12-16
iPhone,1136,2025-12-16
Android,5216,2025-12-17
iPhone,1296,2025-12-17
Android,5290,2025-12-18
iPhone,1151,2025-12-18
Android,5486,2025-12-19
iPhone,1350,2025-12-19
Android,5943,2025-12-20
iPhone,1620,2025-12-20
Android,5154,2025-12-21
iPhone,1420,2025-12-21
Android,4634,2025-12-22
iPhone,1218,2025-12-22
Android,4803,2025-12-23
iPhone,1375,2025-12-23
Android,5789,2025-12-24
iPhone,1690,2025-12-24
Android,5884,2025-12-25
iPhone,1611,2025-12-25
Android,5373,2025-12-26
iPhone,1408,2025-12-26
Android,6056,2025-12-27
iPhone,1638,2025-12-27
Android,224,2025-12-28
iPhone,50,2025-12-28
Android,5450,2025-12-29
iPhone,1433,2025-12-29
Android,5065,2025-12-30
iPhone,1339,2025-12-30
Android,5995,2025-12-31
iPhone,1697,2025-12-31
